state_names,routes,links
Andhra Pradesh,Hyderabad to Vijayawada,https://www.redbus.in/bus-tickets/hyderabad-to-vijayawada
Andhra Pradesh,Vijayawada to Hyderabad,https://www.redbus.in/bus-tickets/vijayawada-to-hyderabad
Andhra Pradesh,Hyderabad to Ongole,https://www.redbus.in/bus-tickets/hyderabad-to-ongole
Andhra Pradesh,Kakinada to Visakhapatnam,https://www.redbus.in/bus-tickets/kakinada-to-visakhapatnam
Andhra Pradesh,Bangalore to Tirupati,https://www.redbus.in/bus-tickets/bangalore-to-tirupathi
Andhra Pradesh,Bangalore to Kadapa,https://www.redbus.in/bus-tickets/bangalore-to-kadapa
Andhra Pradesh,Ongole to Hyderabad,https://www.redbus.in/bus-tickets/ongole-to-hyderabad
Andhra Pradesh,Kadapa to Bangalore,https://www.redbus.in/bus-tickets/kadapa-to-bangalore
Andhra Pradesh,Chittoor (Andhra Pradesh) to Bangalore,https://www.redbus.in/bus-tickets/chittoor-andhra-pradesh-to-bangalore
Andhra Pradesh,Visakhapatnam to Kakinada,https://www.redbus.in/bus-tickets/visakhapatnam-to-kakinada
Andhra Pradesh,Bangalore to Anantapur (andhra pradesh),https://www.redbus.in/bus-tickets/bangalore-to-ananthapur
Andhra Pradesh,Bangalore to Chittoor (Andhra Pradesh),https://www.redbus.in/bus-tickets/bangalore-to-chittoor-andhra-pradesh
Andhra Pradesh,Anantapur (andhra pradesh) to Bangalore,https://www.redbus.in/bus-tickets/ananthapur-to-bangalore
Andhra Pradesh,Hyderabad to Kurnool,https://www.redbus.in/bus-tickets/hyderabad-to-kurnool
Andhra Pradesh,Tirupati to Bangalore,https://www.redbus.in/bus-tickets/tirupathi-to-bangalore
Andhra Pradesh,Narasaraopet to Hyderabad,https://www.redbus.in/bus-tickets/narsaraopet-to-hyderabad
Andhra Pradesh,Vinukonda to Hyderabad,https://www.redbus.in/bus-tickets/vinukonda-to-hyderabad
Andhra Pradesh,Hyderabad to Vinukonda,https://www.redbus.in/bus-tickets/hyderabad-to-vinukonda
Andhra Pradesh,Visakhapatnam to Vijayawada,https://www.redbus.in/bus-tickets/visakhapatnam-to-vijayawada
Andhra Pradesh,Bangalore to Rayachoti,https://www.redbus.in/bus-tickets/bangalore-to-rayachoti
Andhra Pradesh,Hyderabad to Guntur (Andhra Pradesh),https://www.redbus.in/bus-tickets/hyderabad-to-guntur
Andhra Pradesh,Guntur (Andhra Pradesh) to Hyderabad,https://www.redbus.in/bus-tickets/guntur-to-hyderabad
Andhra Pradesh,Hyderabad to Eluru,https://www.redbus.in/bus-tickets/hyderabad-to-eluru
Andhra Pradesh,Eluru to Hyderabad,https://www.redbus.in/bus-tickets/eluru-to-hyderabad
Andhra Pradesh,Bangalore to Kadiri,https://www.redbus.in/bus-tickets/bangalore-to-kadiri
Andhra Pradesh,Madanapalli to Bangalore,https://www.redbus.in/bus-tickets/madanapalli-to-bangalore
Andhra Pradesh,Bangalore to Madanapalli,https://www.redbus.in/bus-tickets/bangalore-to-madanapalli
Andhra Pradesh,Macherla (andhra pradesh) to Hyderabad,https://www.redbus.in/bus-tickets/macherla-to-hyderabad
Andhra Pradesh,Rajahmundry to Visakhapatnam,https://www.redbus.in/bus-tickets/rajahmundry-to-visakhapatnam
Andhra Pradesh,Nandyal to Hyderabad,https://www.redbus.in/bus-tickets/nandyala-to-hyderabad
Andhra Pradesh,Rayachoti to Bangalore,https://www.redbus.in/bus-tickets/rayachoti-to-bangalore
Andhra Pradesh,Kurnool to Hyderabad,https://www.redbus.in/bus-tickets/kurnool-to-hyderabad
Andhra Pradesh,Kadiri to Bangalore,https://www.redbus.in/bus-tickets/kadiri-to-bangalore
Andhra Pradesh,Visakhapatnam to Rajahmundry,https://www.redbus.in/bus-tickets/visakhapatnam-to-rajahmundry
Andhra Pradesh,Hyderabad to Addanki,https://www.redbus.in/bus-tickets/hyderabad-to-addanki
Andhra Pradesh,Hyderabad to Anantapur (andhra pradesh),https://www.redbus.in/bus-tickets/hyderabad-to-ananthapur
Andhra Pradesh,Hyderabad to Markapuram,https://www.redbus.in/bus-tickets/hyderabad-to-markapuram
Andhra Pradesh,Rajahmundry to Vijayawada,https://www.redbus.in/bus-tickets/rajahmundry-to-vijayawada
Andhra Pradesh,Tirupati to Chennai,https://www.redbus.in/bus-tickets/tirupathi-to-chennai
Andhra Pradesh,Vijayawada to Visakhapatnam,https://www.redbus.in/bus-tickets/vijayawada-to-visakhapatnam
Andhra Pradesh,Hyderabad to Macherla (andhra pradesh),https://www.redbus.in/bus-tickets/hyderabad-to-macherla
Andhra Pradesh,Hyderabad to Rajahmundry,https://www.redbus.in/bus-tickets/hyderabad-to-rajahmundry
Andhra Pradesh,Chilakaluripet to Hyderabad,https://www.redbus.in/bus-tickets/chilakaluripet-to-hyderabad
Andhra Pradesh,Rajahmundry to Hyderabad,https://www.redbus.in/bus-tickets/rajahmundry-to-hyderabad
Andhra Pradesh,Kurnool to Bangalore,https://www.redbus.in/bus-tickets/kurnool-to-bangalore
Andhra Pradesh,Hyderabad to Nandyal,https://www.redbus.in/bus-tickets/hyderabad-to-nandyala
Kerala,Bangalore to Kozhikode,https://www.redbus.in/bus-tickets/bangalore-to-kozhikode
Kerala,Kozhikode to Bangalore,https://www.redbus.in/bus-tickets/kozhikode-to-bangalore
Kerala,Kozhikode to Ernakulam,https://www.redbus.in/bus-tickets/kozhikode-to-ernakulam
Kerala,Ernakulam to Kozhikode,https://www.redbus.in/bus-tickets/ernakulam-to-kozhikode
Kerala,Bangalore to Kannur,https://www.redbus.in/bus-tickets/bangalore-to-kannur
Kerala,Kozhikode to Mysore,https://www.redbus.in/bus-tickets/kozhikode-to-mysore
Kerala,Kannur to Bangalore,https://www.redbus.in/bus-tickets/kannur-to-bangalore
Kerala,Kozhikode to Thiruvananthapuram,https://www.redbus.in/bus-tickets/kozhikode-to-thiruvananthapuram
Kerala,Mysore to Kozhikode,https://www.redbus.in/bus-tickets/mysore-to-kozhikode
Kerala,Bangalore to Kalpetta (kerala),https://www.redbus.in/bus-tickets/bangalore-to-kalpetta
Kerala,Kalpetta (kerala) to Bangalore,https://www.redbus.in/bus-tickets/kalpetta-to-bangalore
Kerala,Thiruvananthapuram to Kozhikode,https://www.redbus.in/bus-tickets/thiruvananthapuram-to-kozhikode
Kerala,Kozhikode to Thrissur,https://www.redbus.in/bus-tickets/kozhikode-to-thrissur
Kerala,Kozhikode to Kottayam,https://www.redbus.in/bus-tickets/kozhikode-to-kottayam
Kerala,Kottayam to Kozhikode,https://www.redbus.in/bus-tickets/kottayam-to-kozhikode
Telangana,Hyderabad to Vijayawada,https://www.redbus.in/bus-tickets/hyderabad-to-vijayawada
Telangana,Khammam to Hyderabad,https://www.redbus.in/bus-tickets/khammam-to-hyderabad
Telangana,Hyderabad to Khammam,https://www.redbus.in/bus-tickets/hyderabad-to-khammam
Telangana,Hyderabad to Srisailam,https://www.redbus.in/bus-tickets/hyderabad-to-srisailam
Telangana,Karimnagar to Hyderabad,https://www.redbus.in/bus-tickets/karimnagar-to-hyderabad
Telangana,Hyderabad to Karimnagar,https://www.redbus.in/bus-tickets/hyderabad-to-karimnagar
Telangana,Hyderabad to Mancherial,https://www.redbus.in/bus-tickets/hyderabad-to-mancherial
Telangana,Hyderabad to Nirmal,https://www.redbus.in/bus-tickets/hyderabad-to-nirmal
Telangana,Hyderabad to Adilabad,https://www.redbus.in/bus-tickets/hyderabad-to-adilabad
Telangana,Hyderabad to Ongole,https://www.redbus.in/bus-tickets/hyderabad-to-ongole
Telangana,Kothagudem to Hyderabad,https://www.redbus.in/bus-tickets/kothagudem-to-hyderabad
Telangana,Guntur (Andhra Pradesh) to Hyderabad,https://www.redbus.in/bus-tickets/guntur-to-hyderabad
Telangana,Hyderabad to Guntur (Andhra Pradesh),https://www.redbus.in/bus-tickets/hyderabad-to-guntur
Telangana,Godavarikhani to Hyderabad,https://www.redbus.in/bus-tickets/godavarikhani-to-hyderabad
Telangana,Hyderabad to Kothagudem,https://www.redbus.in/bus-tickets/hyderabad-to-kothagudem
Telangana,Hyderabad to Sathupally,https://www.redbus.in/bus-tickets/hyderabad-to-sathupalli
Telangana,Hyderabad to Warangal,https://www.redbus.in/bus-tickets/hyderabad-to-warangal
Telangana,Kodad to Hyderabad,https://www.redbus.in/bus-tickets/kodad-to-hyderabad
Telangana,Jagityal to Hyderabad,https://www.redbus.in/bus-tickets/jagityal-to-hyderabad
Telangana,Hyderabad to Bhadrachalam,https://www.redbus.in/bus-tickets/hyderabad-to-bhadrachalam
Telangana,Hyderabad to Tirupati,https://www.redbus.in/bus-tickets/hyderabad-to-tirupathi
Telangana,Hyderabad to Godavarikhani,https://www.redbus.in/bus-tickets/hyderabad-to-godavarikhani
Telangana,Hyderabad to Armoor,https://www.redbus.in/bus-tickets/hyderabad-to-armoor
Telangana,Hyderabad to Nandyal,https://www.redbus.in/bus-tickets/hyderabad-to-nandyala
Telangana,Hyderabad to Kodad,https://www.redbus.in/bus-tickets/hyderabad-to-kodad
Telangana,Hyderabad to Addanki,https://www.redbus.in/bus-tickets/hyderabad-to-addanki
Kadamba,Pune to Goa,https://www.redbus.in/bus-tickets/pune-to-goa
Kadamba,Goa to Pune,https://www.redbus.in/bus-tickets/goa-to-pune
Kadamba,Mumbai to Goa,https://www.redbus.in/bus-tickets/mumbai-to-goa
Kadamba,Bangalore to Goa,https://www.redbus.in/bus-tickets/bangalore-to-goa
Kadamba,Goa to Bangalore,https://www.redbus.in/bus-tickets/goa-to-bangalore
Kadamba,Goa to Mumbai,https://www.redbus.in/bus-tickets/goa-to-mumbai
Kadamba,Pandharpur to Goa,https://www.redbus.in/bus-tickets/pandharpur-to-goa
Kadamba,Goa to Pandharpur,https://www.redbus.in/bus-tickets/goa-to-pandharpur
Kadamba,Solapur to Goa,https://www.redbus.in/bus-tickets/solapur-to-goa
Kadamba,Calangute (goa) to Goa Airport,https://www.redbus.in/bus-tickets/calangute-goa-to-goa-airport
Kadamba,Goa to Kolhapur(Maharashtra),https://www.redbus.in/bus-tickets/goa-to-kolhapur-maharashtra
Kadamba,Goa to Solapur,https://www.redbus.in/bus-tickets/goa-to-solapur
Kadamba,Goa to Sangli,https://www.redbus.in/bus-tickets/goa-to-sangli
Kadamba,Goa Airport to Calangute (goa),https://www.redbus.in/bus-tickets/goa-airport-to-calangute-goa
Kadamba,Goa to Sangola (Solapur),https://www.redbus.in/bus-tickets/goa-to-sangola
Kadamba,Sangola (Solapur) to Goa,https://www.redbus.in/bus-tickets/sangola-to-goa
Kadamba,Mopa Airport to Calangute (goa),https://www.redbus.in/bus-tickets/mopa-airport-to-calangute-goa
Kadamba,Calangute (goa) to Mopa Airport,https://www.redbus.in/bus-tickets/calangute-goa-to-mopa-airport
Kadamba,Goa to Mopa Airport,https://www.redbus.in/bus-tickets/goa-to-mopa-airport
Kadamba,Goa to Miraj,https://www.redbus.in/bus-tickets/goa-to-miraj
Kadamba,Panaji to Goa Airport,https://www.redbus.in/bus-tickets/panaji-to-goa-airport
Kadamba,Mopa Airport to Goa,https://www.redbus.in/bus-tickets/mopa-airport-to-goa
Kadamba,Shivamogga to Goa,https://www.redbus.in/bus-tickets/shimoga-to-goa
Kadamba,Margao to Mopa Airport,https://www.redbus.in/bus-tickets/margoa-to-mopa-airport
Kadamba,Goa Airport to Goa,https://www.redbus.in/bus-tickets/goa-airport-to-goa
Kadamba,Goa to Satara,https://www.redbus.in/bus-tickets/goa-to-satara
Kadamba,Goa to Goa Airport,https://www.redbus.in/bus-tickets/goa-to-goa-airport
Kadamba,Goa Airport to Panaji,https://www.redbus.in/bus-tickets/goa-airport-to-panaji
Kadamba,Goa to Shirdi,https://www.redbus.in/bus-tickets/goa-to-shirdi
Kadamba,Calangute (goa) to Panaji,https://www.redbus.in/bus-tickets/calangute-goa-to-panaji
Kadamba,Mopa Airport to Margao,https://www.redbus.in/bus-tickets/mopa-airport-to-margoa
Kadamba,Goa to Shivamogga,https://www.redbus.in/bus-tickets/goa-to-shimoga
Kadamba,Calangute (goa) to Goa,https://www.redbus.in/bus-tickets/calangute-goa-to-goa
Kadamba,Belagavi to Goa,https://www.redbus.in/bus-tickets/belagavi-to-goa
Rajasthan,Udaipur to Jodhpur,https://www.redbus.in/bus-tickets/udaipur-to-jodhpur
Rajasthan,Jodhpur to Ajmer,https://www.redbus.in/bus-tickets/jodhpur-to-ajmer
Rajasthan,Beawar (Rajasthan) to Jaipur (Rajasthan),https://www.redbus.in/bus-tickets/beawer-to-jaipur
Rajasthan,Sikar to Jaipur (Rajasthan),https://www.redbus.in/bus-tickets/sikar-to-jaipur
Rajasthan,Jaipur (Rajasthan) to Jodhpur,https://www.redbus.in/bus-tickets/jaipur-to-jodhpur
Rajasthan,Aligarh (uttar pradesh) to Jaipur (Rajasthan),https://www.redbus.in/bus-tickets/aligarh-uttar-pradesh-to-jaipur
Rajasthan,Jaipur (Rajasthan) to Aligarh (uttar pradesh),https://www.redbus.in/bus-tickets/jaipur-to-aligarh-uttar-pradesh
Rajasthan,Jodhpur to Beawar (Rajasthan),https://www.redbus.in/bus-tickets/jodhpur-to-beawer
Rajasthan,Jaipur (Rajasthan) to Pilani,https://www.redbus.in/bus-tickets/jaipur-to-pilani
Rajasthan,Kishangarh to Jaipur (Rajasthan),https://www.redbus.in/bus-tickets/kishangarh-to-jaipur
Rajasthan,Pali (Rajasthan) to Udaipur,https://www.redbus.in/bus-tickets/pali-to-udaipur
Rajasthan,Udaipur to Pali (Rajasthan),https://www.redbus.in/bus-tickets/udaipur-to-pali-rajasthan
Rajasthan,Kota(Rajasthan) to Udaipur,https://www.redbus.in/bus-tickets/kota-rajasthan-to-udaipur
Rajasthan,Jaipur (Rajasthan) to Bhilwara,https://www.redbus.in/bus-tickets/jaipur-to-bhilwara
Rajasthan,Sikar to Bikaner,https://www.redbus.in/bus-tickets/sikar-to-bikaner
Rajasthan,Jaipur (Rajasthan) to Bharatpur,https://www.redbus.in/bus-tickets/jaipur-to-bharatpur
Rajasthan,Jaipur (Rajasthan) to Mathura,https://www.redbus.in/bus-tickets/jaipur-to-mathura
Rajasthan,Jaipur (Rajasthan) to Kota(Rajasthan),https://www.redbus.in/bus-tickets/jaipur-to-kota-rajasthan
South Bengal,Durgapur to Calcutta,https://www.redbus.in/bus-tickets/durgapur-to-kolkata
South Bengal,Kolkata to Burdwan,https://www.redbus.in/bus-tickets/kolkata-to-burdwan
South Bengal,Haldia to Calcutta,https://www.redbus.in/bus-tickets/haldia-to-kolkata
South Bengal,Kolkata to Haldia,https://www.redbus.in/bus-tickets/kolkata-to-haldia
South Bengal,Kolkata to Durgapur (West Bengal),https://www.redbus.in/bus-tickets/kolkata-to-durgapur
South Bengal,Kolkata to Arambagh (West Bengal),https://www.redbus.in/bus-tickets/kolkata-to-arambagh-west-bengal
South Bengal,Midnapore to Kolkata,https://www.redbus.in/bus-tickets/midnapore-to-kolkata
South Bengal,Kolkata to Digha,https://www.redbus.in/bus-tickets/kolkata-to-digha
South Bengal,Digha to Calcutta,https://www.redbus.in/bus-tickets/digha-to-kolkata
South Bengal,Kolkata to Bankura,https://www.redbus.in/bus-tickets/kolkata-to-bankura
South Bengal,Kolkata to Midnapore,https://www.redbus.in/bus-tickets/kolkata-to-midnapore
South Bengal,Kolkata to Asansol (West Bengal),https://www.redbus.in/bus-tickets/kolkata-to-asansol
South Bengal,Kolkata to Nimtouri,https://www.redbus.in/bus-tickets/kolkata-to-nimtouri
South Bengal,Jhargram to Kolkata,https://www.redbus.in/bus-tickets/jhargram-to-kolkata
South Bengal,Kolkata to Contai (Kanthi),https://www.redbus.in/bus-tickets/kolkata-to-contai-kanthi
South Bengal,Kolkata to Kolaghat,https://www.redbus.in/bus-tickets/kolkata-to-kolaghat
South Bengal,Kolkata to Nandakumar (west bengal),https://www.redbus.in/bus-tickets/kolkata-to-nandakumar
South Bengal,Kolkata to Mecheda (West Bengal),https://www.redbus.in/bus-tickets/kolkata-to-mecheda-west-bengal
South Bengal,Digha to Durgapur (West Bengal),https://www.redbus.in/bus-tickets/digha-to-durgapur
South Bengal,Midnapore to Barasat (West Bengal),https://www.redbus.in/bus-tickets/midnapore-to-barasat-west-bengal
South Bengal,Durgapur (West Bengal) to Digha,https://www.redbus.in/bus-tickets/durgapur-to-digha
South Bengal,Kolkata to Chandipur (West Bengal),https://www.redbus.in/bus-tickets/kolkata-to-chandipur-west-bengal
South Bengal,Barasat (West Bengal) to Midnapore,https://www.redbus.in/bus-tickets/barasat-west-bengal-to-midnapore
South Bengal,Kolkata to Debra,https://www.redbus.in/bus-tickets/kolkata-to-debra
South Bengal,Kirnahar (West Bengal) to Kolkata,https://www.redbus.in/bus-tickets/kirnahar-west-bengal-to-kolkata
South Bengal,Kolkata to Panskura,https://www.redbus.in/bus-tickets/kolkata-to-panskura
South Bengal,Kolkata to Heria,https://www.redbus.in/bus-tickets/kolkata-to-heria
South Bengal,Digha to Barasat (West Bengal),https://www.redbus.in/bus-tickets/digha-to-barasat-west-bengal
South Bengal,Illambazar to Kolkata,https://www.redbus.in/bus-tickets/illambazar-to-kolkata
South Bengal,Kolkata to Suri,https://www.redbus.in/bus-tickets/kolkata-to-suri
South Bengal,Berhampore (West Bengal) to Durgapur (West Bengal),https://www.redbus.in/bus-tickets/berhampore-to-durgapur
South Bengal,Purulia to Durgapur (West Bengal),https://www.redbus.in/bus-tickets/purulia-to-durgapur
South Bengal,Durgapur (West Bengal) to Berhampore (West Bengal),https://www.redbus.in/bus-tickets/durgapur-to-berhampore
South Bengal,Kolkata to Futishanko,https://www.redbus.in/bus-tickets/kolkata-to-futishanko
South Bengal,Kolkata to Kirnahar (West Bengal),https://www.redbus.in/bus-tickets/kolkata-to-kirnahar-west-bengal
South Bengal,Durgapur (West Bengal) to Barasat (West Bengal),https://www.redbus.in/bus-tickets/durgapur-to-barasat-west-bengal
South Bengal,Kolkata to Ramnagar (West Bengal),https://www.redbus.in/bus-tickets/kolkata-to-ramnagar-west-bengal
South Bengal,Durgapur (West Bengal) to Purulia,https://www.redbus.in/bus-tickets/durgapur-to-purulia
South Bengal,Durgapur (West Bengal) to Bankura,https://www.redbus.in/bus-tickets/durgapur-to-bankura
South Bengal,Kolkata to Ashari,https://www.redbus.in/bus-tickets/kolkata-to-ashari
South Bengal,Barasat (West Bengal) to Digha,https://www.redbus.in/bus-tickets/barasat-west-bengal-to-digha
Himachal,Delhi to Shimla,https://www.redbus.in/bus-tickets/delhi-to-shimla
Himachal,Chandigarh to Hamirpur (Himachal Pradesh),https://www.redbus.in/bus-tickets/chandigarh-to-hamirpur-himachal-pradesh
Himachal,Hamirpur (Himachal Pradesh) to Chandigarh,https://www.redbus.in/bus-tickets/hamirpur-himachal-pradesh-to-chandigarh
Himachal,Shimla to Delhi,https://www.redbus.in/bus-tickets/shimla-to-delhi
Himachal,Delhi to Chandigarh,https://www.redbus.in/bus-tickets/delhi-to-chandigarh
Himachal,Hamirpur (Himachal Pradesh) to Delhi,https://www.redbus.in/bus-tickets/hamirpur-himachal-pradesh-to-delhi
Himachal,Chamba (Himachal Pradesh) to Chandigarh,https://www.redbus.in/bus-tickets/chamba-himachal-pradesh-to-chandigarh
Himachal,Delhi to Hamirpur (Himachal Pradesh),https://www.redbus.in/bus-tickets/delhi-to-hamirpur-himachal-pradesh
Himachal,Chandigarh to Dharamshala (Himachal Pradesh),https://www.redbus.in/bus-tickets/chandigarh-to-dharamshala
Himachal,Delhi to Chamba (Himachal Pradesh),https://www.redbus.in/bus-tickets/delhi-to-chamba-himachal-pradesh
Himachal,Chamba (Himachal Pradesh) to Delhi,https://www.redbus.in/bus-tickets/chamba-himachal-pradesh-to-delhi
Himachal,Kangra to Chandigarh,https://www.redbus.in/bus-tickets/kangra-to-chandigarh
Himachal,Shimla to Chandigarh,https://www.redbus.in/bus-tickets/shimla-to-chandigarh
Himachal,Delhi to Baddi (Himachal Pradesh),https://www.redbus.in/bus-tickets/delhi-to-baddi-himachal-pradesh
Himachal,Delhi to Solan,https://www.redbus.in/bus-tickets/delhi-to-solan
Himachal,Delhi to Nalagarh,https://www.redbus.in/bus-tickets/delhi-to-nalagarh
Himachal,Dharamshala (Himachal Pradesh) to Chandigarh,https://www.redbus.in/bus-tickets/dharamshala-to-chandigarh
Himachal,Palampur to Chandigarh,https://www.redbus.in/bus-tickets/palampur-to-chandigarh
Himachal,Ghumarwin to Delhi,https://www.redbus.in/bus-tickets/ghumarwin-to-delhi
Himachal,Chandigarh to Kangra,https://www.redbus.in/bus-tickets/chandigarh-to-kangra
Himachal,Baddi (Himachal Pradesh) to Delhi,https://www.redbus.in/bus-tickets/baddi-himachal-pradesh-to-delhi
Himachal,Manali to Chandigarh,https://www.redbus.in/bus-tickets/manali-to-chandigarh
Himachal,Solan to Delhi,https://www.redbus.in/bus-tickets/solan-to-delhi
Himachal,Chandigarh to Manali,https://www.redbus.in/bus-tickets/chandigarh-to-manali
Himachal,Delhi to Sarkaghat,https://www.redbus.in/bus-tickets/delhi-to-sarkaghat
Himachal,Ghumarwin to Chandigarh,https://www.redbus.in/bus-tickets/ghumarwin-to-chandigarh
Himachal,Chandigarh to Kullu,https://www.redbus.in/bus-tickets/chandigarh-to-kullu
Himachal,Delhi to Bilaspur (Himachal Pradesh),https://www.redbus.in/bus-tickets/delhi-to-bilaspur-himachal-pradesh
Himachal,Delhi to Ghumarwin,https://www.redbus.in/bus-tickets/delhi-to-ghumarwin
Himachal,Chamba (Himachal Pradesh) to Shimla,https://www.redbus.in/bus-tickets/chamba-himachal-pradesh-to-shimla
Himachal,Delhi to Palampur,https://www.redbus.in/bus-tickets/delhi-to-palampur
Himachal,Chandigarh to Reckong Peo (Himachal Pradesh),https://www.redbus.in/bus-tickets/chandigarh-to-reckong-peo-himachal-pradesh
Himachal,Bilaspur (Himachal Pradesh) to Delhi,https://www.redbus.in/bus-tickets/bilaspur-himachal-pradesh-to-delhi
Himachal,Sarkaghat to Delhi,https://www.redbus.in/bus-tickets/sarkaghat-to-delhi
Himachal,Manali to Delhi,https://www.redbus.in/bus-tickets/manali-to-delhi
Assam,Diphu to Guwahati,https://www.redbus.in/bus-tickets/diphu-to-guwahati
Assam,Guwahati to Diphu,https://www.redbus.in/bus-tickets/guwahati-to-diphu
Assam,Dokmoka to Guwahati,https://www.redbus.in/bus-tickets/dokmoka-to-guwahati
Assam,Bokolia (assam) to Guwahati,https://www.redbus.in/bus-tickets/bokolia-assam-to-guwahati
Assam,Guwahati to Bokolia (assam),https://www.redbus.in/bus-tickets/guwahati-to-bokolia-assam
Assam,Guwahati to Dokmoka,https://www.redbus.in/bus-tickets/guwahati-to-dokmoka
Assam,Langhin (assam) to Guwahati,https://www.redbus.in/bus-tickets/langhin-assam-to-guwahati
Assam,Guwahati to Langhin (assam),https://www.redbus.in/bus-tickets/guwahati-to-langhin-assam
Assam,Diphu to Hamren,https://www.redbus.in/bus-tickets/diphu-to-hamren
Assam,Manja (assam) to Guwahati,https://www.redbus.in/bus-tickets/manja-assam-to-guwahati
Assam,Guwahati to Manja (assam),https://www.redbus.in/bus-tickets/guwahati-to-manja-assam
Assam,Hamren to Diphu,https://www.redbus.in/bus-tickets/hamren-to-diphu
Assam,Diphu to Jagiroad,https://www.redbus.in/bus-tickets/diphu-to-jagiroad
Assam,Guwahati to Hamren,https://www.redbus.in/bus-tickets/guwahati-to-hamren
Uttar Pradesh,Delhi to Bareilly,https://www.redbus.in/bus-tickets/delhi-to-bareilly
Uttar Pradesh,Bareilly to Delhi,https://www.redbus.in/bus-tickets/bareilly-to-delhi
Uttar Pradesh,Aligarh (uttar pradesh) to Delhi,https://www.redbus.in/bus-tickets/aligarh-uttar-pradesh-to-delhi
Uttar Pradesh,Delhi to Aligarh (uttar pradesh),https://www.redbus.in/bus-tickets/delhi-to-aligarh-uttar-pradesh
Uttar Pradesh,Lucknow to Allahabad,https://www.redbus.in/bus-tickets/lucknow-to-allahabad
Uttar Pradesh,Lucknow to Delhi,https://www.redbus.in/bus-tickets/lucknow-to-delhi
Uttar Pradesh,Delhi to Farrukhabad (Uttar Pradesh),https://www.redbus.in/bus-tickets/delhi-to-farrukhabad-up
Uttar Pradesh,Farrukhabad (Uttar Pradesh) to Delhi,https://www.redbus.in/bus-tickets/farrukhabad-up-to-delhi
Uttar Pradesh,Badaun to Delhi,https://www.redbus.in/bus-tickets/badaun-to-delhi
Uttar Pradesh,Allahabad to Lucknow,https://www.redbus.in/bus-tickets/allahabad-to-lucknow
Uttar Pradesh,Lucknow to Agra,https://www.redbus.in/bus-tickets/lucknow-to-agra
Uttar Pradesh,Sitapur (Uttar Pradesh) to Delhi,https://www.redbus.in/bus-tickets/sitapur-to-delhi
Uttar Pradesh,Delhi to Badaun,https://www.redbus.in/bus-tickets/delhi-to-badaun
Uttar Pradesh,Delhi to Sitapur (Uttar Pradesh),https://www.redbus.in/bus-tickets/delhi-to-sitapur
Uttar Pradesh,Agra to Delhi,https://www.redbus.in/bus-tickets/agra-to-delhi
Uttar Pradesh,Delhi to Moradabad,https://www.redbus.in/bus-tickets/delhi-to-moradabad
Uttar Pradesh,Delhi to Lucknow,https://www.redbus.in/bus-tickets/delhi-to-lucknow
Uttar Pradesh,Agra to Lucknow,https://www.redbus.in/bus-tickets/agra-to-lucknow
Uttar Pradesh,Lucknow to Varanasi,https://www.redbus.in/bus-tickets/lucknow-to-varanasi
Uttar Pradesh,Agra to Bareilly,https://www.redbus.in/bus-tickets/agra-to-bareilly
Uttar Pradesh,Lucknow to Bareilly,https://www.redbus.in/bus-tickets/lucknow-to-bareilly
Uttar Pradesh,Bareilly to Agra,https://www.redbus.in/bus-tickets/bareilly-to-agra
Uttar Pradesh,Delhi to Agra,https://www.redbus.in/bus-tickets/delhi-to-agra
Uttar Pradesh,Varanasi to Lucknow,https://www.redbus.in/bus-tickets/varanasi-to-lucknow
Uttar Pradesh,Moradabad to Delhi,https://www.redbus.in/bus-tickets/moradabad-to-delhi
Uttar Pradesh,Kanpur (Uttar Pradesh) to Jhansi,https://www.redbus.in/bus-tickets/kanpur-to-jhansi
Uttar Pradesh,Delhi to Shahjahanpur (Uttar Pradesh),https://www.redbus.in/bus-tickets/delhi-to-shahjahanpur
Uttar Pradesh,Shahjahanpur (Uttar Pradesh) to Delhi,https://www.redbus.in/bus-tickets/shahjahanpur-to-delhi
Uttar Pradesh,Gorakhpur (uttar pradesh) to Lucknow,https://www.redbus.in/bus-tickets/gorakhpur-to-lucknow
Uttar Pradesh,Kanpur (Uttar Pradesh) to Bareilly,https://www.redbus.in/bus-tickets/kanpur-to-bareilly
Uttar Pradesh,Lucknow to Aligarh (uttar pradesh),https://www.redbus.in/bus-tickets/lucknow-to-aligarh
Uttar Pradesh,Lucknow to Kanpur (Uttar Pradesh),https://www.redbus.in/bus-tickets/lucknow-to-kanpur
Uttar Pradesh,Delhi to Pilibhit,https://www.redbus.in/bus-tickets/delhi-to-pilibhit
Uttar Pradesh,Lucknow to Ballia,https://www.redbus.in/bus-tickets/lucknow-to-ballia
Uttar Pradesh,Delhi to Etah (Uttar Pradesh),https://www.redbus.in/bus-tickets/delhi-to-etah-up
Uttar Pradesh,Lucknow to Gorakhpur (uttar pradesh),https://www.redbus.in/bus-tickets/lucknow-to-gorakhpur
Uttar Pradesh,Aligarh (uttar pradesh) to Lucknow,https://www.redbus.in/bus-tickets/aligarh-to-lucknow
Uttar Pradesh,Aligarh (uttar pradesh) to Agra,https://www.redbus.in/bus-tickets/aligarh-to-agra
Uttar Pradesh,Bareilly to Dehradun,https://www.redbus.in/bus-tickets/bareilly-to-dehradun
Uttar Pradesh,Pilibhit to Delhi,https://www.redbus.in/bus-tickets/pilibhit-to-delhi
Uttar Pradesh,Bareilly to Lucknow,https://www.redbus.in/bus-tickets/bareilly-to-lucknow
Uttar Pradesh,Delhi to Dehradun,https://www.redbus.in/bus-tickets/delhi-to-dehradun
Uttar Pradesh,Varanasi to Allahabad,https://www.redbus.in/bus-tickets/varanasi-to-allahabad
Uttar Pradesh,Lucknow to Mathura,https://www.redbus.in/bus-tickets/lucknow-to-mathura
Uttar Pradesh,Jhansi to Kanpur (Uttar Pradesh),https://www.redbus.in/bus-tickets/jhansi-to-kanpur
Uttar Pradesh,Dehradun to Bareilly,https://www.redbus.in/bus-tickets/dehradun-to-bareilly
Uttar Pradesh,Kanpur (Uttar Pradesh) to Lucknow,https://www.redbus.in/bus-tickets/kanpur-to-lucknow
Uttar Pradesh,Aligarh (uttar pradesh) to Greater noida (uttar pradesh),https://www.redbus.in/bus-tickets/aligarh-to-greater-noida
Uttar Pradesh,Etah (Uttar Pradesh) to Delhi,https://www.redbus.in/bus-tickets/etah-up-to-delhi
West Bengal,Digha to Barasat (West Bengal),https://www.redbus.in/bus-tickets/digha-to-barasat-west-bengal
West Bengal,Durgapur to Calcutta,https://www.redbus.in/bus-tickets/durgapur-to-kolkata
West Bengal,Digha to Calcutta,https://www.redbus.in/bus-tickets/digha-to-kolkata
West Bengal,Kolkata to Digha,https://www.redbus.in/bus-tickets/kolkata-to-digha
West Bengal,Barasat (West Bengal) to Digha,https://www.redbus.in/bus-tickets/barasat-west-bengal-to-digha
West Bengal,Kolkata to Suri,https://www.redbus.in/bus-tickets/kolkata-to-suri
West Bengal,Barasat (West Bengal) to Midnapore,https://www.redbus.in/bus-tickets/barasat-west-bengal-to-midnapore
West Bengal,Midnapore to Kolkata,https://www.redbus.in/bus-tickets/midnapore-to-kolkata
West Bengal,Barasat (West Bengal) to Kolaghat,https://www.redbus.in/bus-tickets/barasat-west-bengal-to-kolaghat
West Bengal,Barasat (West Bengal) to Contai (Kanthi),https://www.redbus.in/bus-tickets/barasat-west-bengal-to-contai-kanthi
West Bengal,Habra to Digha,https://www.redbus.in/bus-tickets/habra-to-digha
West Bengal,Barasat (West Bengal) to Nandakumar (west bengal),https://www.redbus.in/bus-tickets/barasat-west-bengal-to-nandakumar
West Bengal,Kolkata to Durgapur (West Bengal),https://www.redbus.in/bus-tickets/kolkata-to-durgapur
West Bengal,Digha to Habra,https://www.redbus.in/bus-tickets/digha-to-habra
West Bengal,Midnapore to Barasat (West Bengal),https://www.redbus.in/bus-tickets/midnapore-to-barasat-west-bengal
West Bengal,Kolkata to Bolpur (West Bengal),https://www.redbus.in/bus-tickets/kolkata-to-bolpur-west-bengal
West Bengal,Barasat (West Bengal) to Durgapur (West Bengal),https://www.redbus.in/bus-tickets/barasat-west-bengal-to-durgapur
West Bengal,Barasat (West Bengal) to Heria,https://www.redbus.in/bus-tickets/barasat-west-bengal-to-heria
West Bengal,Haldia to Barasat (West Bengal),https://www.redbus.in/bus-tickets/haldia-to-barasat-west-bengal
West Bengal,Barasat (West Bengal) to Haldia,https://www.redbus.in/bus-tickets/barasat-west-bengal-to-haldia
West Bengal,Haldia to Kolkata,https://www.redbus.in/bus-tickets/haldia-to-kolkata
West Bengal,Barasat (West Bengal) to Debra,https://www.redbus.in/bus-tickets/barasat-west-bengal-to-debra
West Bengal,Barasat (West Bengal) to Burdwan,https://www.redbus.in/bus-tickets/barasat-west-bengal-to-burdwan
West Bengal,Kolkata to Bakkhali,https://www.redbus.in/bus-tickets/kolkata-to-bakkhali
West Bengal,Kolkata to Purulia,https://www.redbus.in/bus-tickets/kolkata-to-purulia
West Bengal,Durgapur (West Bengal) to Purulia,https://www.redbus.in/bus-tickets/durgapur-to-purulia
West Bengal,Habra to Midnapore,https://www.redbus.in/bus-tickets/habra-to-midnapore
West Bengal,Kolkata to Asansol (West Bengal),https://www.redbus.in/bus-tickets/kolkata-to-asansol
West Bengal,Durgapur (West Bengal) to Barasat (West Bengal),https://www.redbus.in/bus-tickets/durgapur-to-barasat-west-bengal
West Bengal,Barasat (West Bengal) to Asansol (West Bengal),https://www.redbus.in/bus-tickets/barasat-west-bengal-to-asansol
West Bengal,Jayrambati (West Bengal) to Barasat (West Bengal),https://www.redbus.in/bus-tickets/jayrambati-west-bengal-to-barasat-west-bengal
West Bengal,Kolkata to Haldia,https://www.redbus.in/bus-tickets/kolkata-to-haldia
West Bengal,Habra to Durgapur (West Bengal),https://www.redbus.in/bus-tickets/habra-to-durgapur
West Bengal,Habra to Nandakumar (west bengal),https://www.redbus.in/bus-tickets/habra-to-nandakumar
West Bengal,Habra to Kolaghat,https://www.redbus.in/bus-tickets/habra-to-kolaghat
West Bengal,Kolkata to Mayapur ISKCON,https://www.redbus.in/bus-tickets/kolkata-to-mayapur-iskcon
West Bengal,Habra to Heria,https://www.redbus.in/bus-tickets/habra-to-heria
West Bengal,Midnapore to Kolkata Airport,https://www.redbus.in/bus-tickets/midnapore-to-kolkata-airport
